-- DB 백업: 2026-07-02 00:22:14
-- Supabase: https://jpnzhtbgagwdstienmxy.supabase.co

-- companies: 16건
INSERT INTO companies (id, business_number, company_name, location, main_products, support_field, representative, additional_data, created_at) VALUES ('b5322fd6-f9cc-491e-8ac5-7228bf1e0013', '1234567890', '(주)알파테크놀로지', '경기도 수원시 영통구 광교로 156', 'AI 플랫폼', '소프트웨어/IT', NULL, '{}'::jsonb, '2026-06-27T00:39:31.248361+00:00');
INSERT INTO companies (id, business_number, company_name, location, main_products, support_field, representative, additional_data, created_at) VALUES ('51493c8b-36c0-4782-8864-402e0cb875cf', '2345678901', '베타헬스케어', '경기도 성남시 분당구 판교로 289', '헬스케어 디바이스', '바이오/의료', NULL, '{}'::jsonb, '2026-06-27T00:39:31.66484+00:00');
INSERT INTO companies (id, business_number, company_name, location, main_products, support_field, representative, additional_data, created_at) VALUES ('8e285001-708a-4fda-affd-e7ab45b2ff79', '3456789012', '감마정밀', '경기도 용인시 기흥구 흥덕중앙로 120', '자동화 설비', '제조/생산', NULL, '{}'::jsonb, '2026-06-27T00:39:32.033028+00:00');
INSERT INTO companies (id, business_number, company_name, location, main_products, support_field, representative, additional_data, created_at) VALUES ('2ad70f63-3e47-4d8c-b462-9827d05ba9a3', '4567890123', '델타소프트웨어', '경기도 수원시 팔달구 효원로 299', '클라우드 서비스', '소프트웨어/IT', NULL, '{}'::jsonb, '2026-06-27T00:39:32.40316+00:00');
INSERT INTO companies (id, business_number, company_name, location, main_products, support_field, representative, additional_data, created_at) VALUES ('61d4635d-f341-4d70-a767-bdd0a4a292c3', '5678901234', '입실론바이오', '경기도 성남시 수정구 창업로 42', '바이오 시뮬레이션', '바이오/의료', NULL, '{}'::jsonb, '2026-06-27T00:39:32.779677+00:00');
INSERT INTO companies (id, business_number, company_name, location, main_products, support_field, representative, additional_data, created_at) VALUES ('48bc9a6c-ace9-4c93-b5aa-1d354dd7e98b', '6789012345', '(주)제타로지스틱스', '경기도 용인시 처인구 백옥대로 1005', '스마트 물류 솔루션', '제조/생산', NULL, '{}'::jsonb, '2026-06-27T00:39:33.144356+00:00');
INSERT INTO companies (id, business_number, company_name, location, main_products, support_field, representative, additional_data, created_at) VALUES ('6db92728-3c8d-4db3-8372-01d8fd1e923d', '7890123456', '에타파이낸스', '경기도 수원시 장안구 송원로 81', '핀테크 플랫폼', '소프트웨어/IT', NULL, '{}'::jsonb, '2026-06-27T00:39:33.514104+00:00');
INSERT INTO companies (id, business_number, company_name, location, main_products, support_field, representative, additional_data, created_at) VALUES ('df0d67f3-8f85-497e-b6b8-2913a6100843', '8901234567', '세타에너지', '경기도 성남시 분당구 대왕판교로 645', '재생 에너지 설비', '제조/생산', NULL, '{}'::jsonb, '2026-06-27T00:39:33.885751+00:00');
INSERT INTO companies (id, business_number, company_name, location, main_products, support_field, representative, additional_data, created_at) VALUES ('9a088509-38b1-408d-91d4-2102643f013f', '9012345678', '이오타메디컬', '경기도 용인시 수지구 포은대로 512', '의료 데이터 분석', '바이오/의료', NULL, '{}'::jsonb, '2026-06-27T00:39:34.25452+00:00');
INSERT INTO companies (id, business_number, company_name, location, main_products, support_field, representative, additional_data, created_at) VALUES ('b0b3993f-5cb8-436e-a5d1-afcce907a448', '0123456789', '카파로보틱스(주)', '경기도 수원시 권선구 산업로 156', '산업용 로봇', '제조/생산', NULL, '{}'::jsonb, '2026-06-27T00:39:34.62636+00:00');
INSERT INTO companies (id, business_number, company_name, location, main_products, support_field, representative, additional_data, created_at) VALUES ('55db7f70-c192-4784-8715-61731a733633', '6666666666', '(주)뉴테크솔루션', '경기도 성남시 분당구 판교로 200', '공정 자동화 시스템', '스마트팩토리 솔루션', NULL, '{"matchScore": 0, "matchStatus": "NEW"}'::jsonb, '2026-07-01T06:28:33.84656+00:00');
INSERT INTO companies (id, business_number, company_name, location, main_products, support_field, representative, additional_data, created_at) VALUES ('5c654b7d-175d-44f4-8335-0a87762284dd', '7777777777', '(주)첨단소재테크', '경기도 안양시 동안구 평촌대로 100', '고내열성 합금소재', '소재/부품 개발', NULL, '{"matchScore": 0, "matchStatus": "NEW"}'::jsonb, '2026-07-01T06:28:34.285212+00:00');
INSERT INTO companies (id, business_number, company_name, location, main_products, support_field, representative, additional_data, created_at) VALUES ('faf7f94b-a100-46b1-9347-d4fbfd524337', '8888888888', '그린에너지(주)', '경기도 용인시 기흥구 포은대로 50', '태양광 모듈 시스템', '신재생에너지', NULL, '{"matchScore": 0, "matchStatus": "NEW"}'::jsonb, '2026-07-01T06:51:12.923876+00:00');
INSERT INTO companies (id, business_number, company_name, location, main_products, support_field, representative, additional_data, created_at) VALUES ('a0a89275-7043-4feb-b23a-904cbe212180', '9999999999', '(주)스마트로봇틱스', '경기도 화성시 동탄면 기업신도시로 30', '协作 로봇 팔', '로봇/자동화', NULL, '{"matchScore": 0, "matchStatus": "NEW"}'::jsonb, '2026-07-01T06:51:13.414032+00:00');
INSERT INTO companies (id, business_number, company_name, location, main_products, support_field, representative, additional_data, created_at) VALUES ('fc3debc8-776b-4a46-a61c-9e7bddbf3dab', '3028103955', '케이디켐 주식회사', '경북 김천시 산업단지4로 89-5', 'PVC안정제, 계면활성제, 정밀화학소재', '생활화학·화장품', NULL, '{}'::jsonb, '2026-07-01T09:27:38.070958+00:00');
INSERT INTO companies (id, business_number, company_name, location, main_products, support_field, representative, additional_data, created_at) VALUES ('0d798a61-80ac-4631-82bb-8b6940d3cffc', '1348689239', '㈜아이엔젤', '경기도 안산시 상록구 건건2길 10', '힙시트 캐리어, 유아용 캐리어', '유아용품 제조', NULL, '{}'::jsonb, '2026-07-01T09:27:38.310541+00:00');

-- support_histories: 54건
INSERT INTO support_histories (id, company_id, year, program_name, status, selected_amount, support_amount, notes, created_at, project_name, business_number) VALUES ('dac92094-418a-4822-aad5-4c38527d2860', 'b5322fd6-f9cc-491e-8ac5-7228bf1e0013', '2023', '창업보육센터 지원사업', '선정', 20000000, 19000000, '(주)알파테크놀로지 대상 창업보육센터 지원사업 선정 데이터', '2026-06-27T00:39:31.477962+00:00', NULL, NULL);
INSERT INTO support_histories (id, company_id, year, program_name, status, selected_amount, support_amount, notes, created_at, project_name, business_number) VALUES ('a631267f-7b44-437f-80cc-cdf30c4554e2', 'b5322fd6-f9cc-491e-8ac5-7228bf1e0013', '2023', '경기도 기술개발사업', '선정', 100000000, 99000000, '(주)알파테크놀로지 대상 경기도 기술개발사업 선정 데이터', '2026-06-27T00:39:31.477962+00:00', NULL, NULL);
INSERT INTO support_histories (id, company_id, year, program_name, status, selected_amount, support_amount, notes, created_at, project_name, business_number) VALUES ('e0898872-4eb0-4b11-8b2d-35532d77dba8', 'b5322fd6-f9cc-491e-8ac5-7228bf1e0013', '2026', '정보통신기술(ICT) 융합 R&D 지원사업', '완료', 120000000, 108000000, '(주)알파테크놀로지 대상 정보통신기술(ICT) 융합 R&D 지원사업 선정 데이터', '2026-06-27T00:39:31.477962+00:00', NULL, NULL);
INSERT INTO support_histories (id, company_id, year, program_name, status, selected_amount, support_amount, notes, created_at, project_name, business_number) VALUES ('86ef5aa0-0aa1-4f2d-904e-9b9ce9244fe7', 'b5322fd6-f9cc-491e-8ac5-7228bf1e0013', '2026', '글로벌 강소기업 육성사업', '완료', 90000000, 89000000, '(주)알파테크놀로지 대상 글로벌 강소기업 육성사업 선정 데이터', '2026-06-27T00:39:31.477962+00:00', NULL, NULL);
INSERT INTO support_histories (id, company_id, year, program_name, status, selected_amount, support_amount, notes, created_at, project_name, business_number) VALUES ('3b18e629-68e7-4b54-8a7f-33f2fe0bedce', '51493c8b-36c0-4782-8864-402e0cb875cf', '2023', '글로벌 강소기업 육성사업', '완료', 60000000, 54000000, '베타헬스케어 대상 글로벌 강소기업 육성사업 선정 데이터', '2026-06-27T00:39:31.850452+00:00', NULL, NULL);
INSERT INTO support_histories (id, company_id, year, program_name, status, selected_amount, support_amount, notes, created_at, project_name, business_number) VALUES ('a7cecd09-ee0e-4a61-beae-b995e9bd598d', '51493c8b-36c0-4782-8864-402e0cb875cf', '2023', '의료기기 R&D 고도화 지원사업', '선정', 120000000, 108000000, '베타헬스케어 대상 의료기기 R&D 고도화 지원사업 선정 데이터', '2026-06-27T00:39:31.850452+00:00', NULL, NULL);
INSERT INTO support_histories (id, company_id, year, program_name, status, selected_amount, support_amount, notes, created_at, project_name, business_number) VALUES ('1a2b9131-c2fc-4f80-aa68-2967da6a5819', '51493c8b-36c0-4782-8864-402e0cb875cf', '2024', '경기도 기술개발사업', '선정', 120000000, 113000000, '베타헬스케어 대상 경기도 기술개발사업 선정 데이터', '2026-06-27T00:39:31.850452+00:00', NULL, NULL);
INSERT INTO support_histories (id, company_id, year, program_name, status, selected_amount, support_amount, notes, created_at, project_name, business_number) VALUES ('36e4a801-55b0-40d8-a766-74181e12005f', '8e285001-708a-4fda-affd-e7ab45b2ff79', '2024', '스마트공장 구축 및 고도화 지원사업', '완료', 50000000, 49000000, '감마정밀 대상 스마트공장 구축 및 고도화 지원사업 선정 데이터', '2026-06-27T00:39:32.2175+00:00', NULL, '3456789012');
INSERT INTO support_histories (id, company_id, year, program_name, status, selected_amount, support_amount, notes, created_at, project_name, business_number) VALUES ('6874b7c5-ddf1-46d4-9207-e81930634cd3', '8e285001-708a-4fda-affd-e7ab45b2ff79', '2026', '경기도 기술개발사업', '완료', 90000000, 82000000, '감마정밀 대상 경기도 기술개발사업 선정 데이터', '2026-06-27T00:39:32.2175+00:00', NULL, '3456789012');
INSERT INTO support_histories (id, company_id, year, program_name, status, selected_amount, support_amount, notes, created_at, project_name, business_number) VALUES ('06729819-1d09-423b-8dc5-b03f796c0581', '8e285001-708a-4fda-affd-e7ab45b2ff79', '2026', '수출기업 글로벌 물류비 지원사업', '선정', 40000000, 37000000, '감마정밀 대상 수출기업 글로벌 물류비 지원사업 선정 데이터', '2026-06-27T00:39:32.2175+00:00', NULL, '3456789012');
INSERT INTO support_histories (id, company_id, year, program_name, status, selected_amount, support_amount, notes, created_at, project_name, business_number) VALUES ('d8982001-ffab-4786-b543-73f46919ea0a', '8e285001-708a-4fda-affd-e7ab45b2ff79', '2024', '글로벌 강소기업 육성사업', '완료', 90000000, 84000000, '감마정밀 대상 글로벌 강소기업 육성사업 선정 데이터', '2026-06-27T00:39:32.2175+00:00', NULL, '3456789012');
INSERT INTO support_histories (id, company_id, year, program_name, status, selected_amount, support_amount, notes, created_at, project_name, business_number) VALUES ('62b7a877-6082-4e48-8a82-a6dc920b8ebc', '2ad70f63-3e47-4d8c-b462-9827d05ba9a3', '2026', '창업보육센터 지원사업', '포기', 150000000, 0, '델타소프트웨어 대상 창업보육센터 지원사업 선정 데이터', '2026-06-27T00:39:32.592576+00:00', NULL, NULL);
INSERT INTO support_histories (id, company_id, year, program_name, status, selected_amount, support_amount, notes, created_at, project_name, business_number) VALUES ('6376b565-f57a-419c-99e6-78ff853d6dd1', '2ad70f63-3e47-4d8c-b462-9827d05ba9a3', '2024', '중소기업 디바이스 제작 지원사업', '완료', 50000000, 48000000, '델타소프트웨어 대상 중소기업 디바이스 제작 지원사업 선정 데이터', '2026-06-27T00:39:32.592576+00:00', NULL, NULL);
INSERT INTO support_histories (id, company_id, year, program_name, status, selected_amount, support_amount, notes, created_at, project_name, business_number) VALUES ('ac4746a2-f481-4e95-b629-a41487d75698', '2ad70f63-3e47-4d8c-b462-9827d05ba9a3', '2026', 'G-스타트업 성장지원사업', '선정', 20000000, 18000000, '델타소프트웨어 대상 G-스타트업 성장지원사업 선정 데이터', '2026-06-27T00:39:32.592576+00:00', NULL, NULL);
INSERT INTO support_histories (id, company_id, year, program_name, status, selected_amount, support_amount, notes, created_at, project_name, business_number) VALUES ('d9ee2182-6de1-4390-b6cf-193deab4758d', '2ad70f63-3e47-4d8c-b462-9827d05ba9a3', '2024', '글로벌 강소기업 육성사업', '선정', 150000000, 145000000, '델타소프트웨어 대상 글로벌 강소기업 육성사업 선정 데이터', '2026-06-27T00:39:32.592576+00:00', NULL, NULL);
INSERT INTO support_histories (id, company_id, year, program_name, status, selected_amount, support_amount, notes, created_at, project_name, business_number) VALUES ('d70fd064-8f42-4bdf-b4d1-8f2f40c8294b', '2ad70f63-3e47-4d8c-b462-9827d05ba9a3', '2023', '정보통신기술(ICT) 융합 R&D 지원사업', '선정', 10000000, 9000000, '델타소프트웨어 대상 정보통신기술(ICT) 융합 R&D 지원사업 선정 데이터', '2026-06-27T00:39:32.592576+00:00', NULL, NULL);
INSERT INTO support_histories (id, company_id, year, program_name, status, selected_amount, support_amount, notes, created_at, project_name, business_number) VALUES ('ff6e7ab0-9d70-438c-bd1e-4ac9233e675a', '61d4635d-f341-4d70-a767-bdd0a4a292c3', '2023', '바이오산업 핵심기술 개발사업', '제외', 140000000, 0, '입실론바이오 대상 바이오산업 핵심기술 개발사업 선정 데이터', '2026-06-27T00:39:32.960573+00:00', NULL, NULL);
INSERT INTO support_histories (id, company_id, year, program_name, status, selected_amount, support_amount, notes, created_at, project_name, business_number) VALUES ('f14e4d49-0fa2-4f86-9c02-4834deba9509', '61d4635d-f341-4d70-a767-bdd0a4a292c3', '2023', '글로벌 강소기업 육성사업', '완료', 30000000, 29000000, '입실론바이오 대상 글로벌 강소기업 육성사업 선정 데이터', '2026-06-27T00:39:32.960573+00:00', NULL, NULL);
INSERT INTO support_histories (id, company_id, year, program_name, status, selected_amount, support_amount, notes, created_at, project_name, business_number) VALUES ('6d7e95ad-7d9f-4862-a7c1-cb39e2edc594', '61d4635d-f341-4d70-a767-bdd0a4a292c3', '2024', '창업보육센터 지원사업', '완료', 110000000, 107000000, '입실론바이오 대상 창업보육센터 지원사업 선정 데이터', '2026-06-27T00:39:32.960573+00:00', NULL, NULL);
INSERT INTO support_histories (id, company_id, year, program_name, status, selected_amount, support_amount, notes, created_at, project_name, business_number) VALUES ('3561b0b2-1d5a-4ae7-bd31-9180965e3a91', '48bc9a6c-ace9-4c93-b5aa-1d354dd7e98b', '2024', '중소기업 개발생산판로 맞춤형지원사업', '완료', 150000000, 137000000, '(주)제타로지스틱스 대상 중소기업 개발생산판로 맞춤형지원사업 선정 데이터', '2026-06-27T00:39:33.329552+00:00', NULL, NULL);
INSERT INTO support_histories (id, company_id, year, program_name, status, selected_amount, support_amount, notes, created_at, project_name, business_number) VALUES ('8c9bf415-9dc1-4851-84ea-547b7f60112d', '48bc9a6c-ace9-4c93-b5aa-1d354dd7e98b', '2025', '스마트공장 구축 및 고도화 지원사업', '선정', 10000000, 9000000, '(주)제타로지스틱스 대상 스마트공장 구축 및 고도화 지원사업 선정 데이터', '2026-06-27T00:39:33.329552+00:00', NULL, NULL);
INSERT INTO support_histories (id, company_id, year, program_name, status, selected_amount, support_amount, notes, created_at, project_name, business_number) VALUES ('31a9bcbc-5121-43f0-8a66-61a364bb0c7f', '48bc9a6c-ace9-4c93-b5aa-1d354dd7e98b', '2026', '글로벌 강소기업 육성사업', '선정', 150000000, 138000000, '(주)제타로지스틱스 대상 글로벌 강소기업 육성사업 선정 데이터', '2026-06-27T00:39:33.329552+00:00', NULL, NULL);
INSERT INTO support_histories (id, company_id, year, program_name, status, selected_amount, support_amount, notes, created_at, project_name, business_number) VALUES ('84e8843f-4914-4230-81ea-f29e3b0b5400', '6db92728-3c8d-4db3-8372-01d8fd1e923d', '2025', '정보통신기술(ICT) 융합 R&D 지원사업', '완료', 110000000, 102000000, '에타파이낸스 대상 정보통신기술(ICT) 융합 R&D 지원사업 선정 데이터', '2026-06-27T00:39:33.70433+00:00', NULL, NULL);
INSERT INTO support_histories (id, company_id, year, program_name, status, selected_amount, support_amount, notes, created_at, project_name, business_number) VALUES ('2323fcbd-3969-47e8-a142-02a63b2426ff', '6db92728-3c8d-4db3-8372-01d8fd1e923d', '2024', '경기도 기술개발사업', '완료', 100000000, 94000000, '에타파이낸스 대상 경기도 기술개발사업 선정 데이터', '2026-06-27T00:39:33.70433+00:00', NULL, NULL);
INSERT INTO support_histories (id, company_id, year, program_name, status, selected_amount, support_amount, notes, created_at, project_name, business_number) VALUES ('b7b1d14c-2e89-4d09-b316-3f6dbb0a2ce9', '6db92728-3c8d-4db3-8372-01d8fd1e923d', '2025', '창업보육센터 지원사업', '완료', 50000000, 49000000, '에타파이낸스 대상 창업보육센터 지원사업 선정 데이터', '2026-06-27T00:39:33.70433+00:00', NULL, NULL);
INSERT INTO support_histories (id, company_id, year, program_name, status, selected_amount, support_amount, notes, created_at, project_name, business_number) VALUES ('6d86257d-2273-4452-82ee-14940f07a3d4', '6db92728-3c8d-4db3-8372-01d8fd1e923d', '2023', '글로벌 강소기업 육성사업', '완료', 50000000, 47000000, '에타파이낸스 대상 글로벌 강소기업 육성사업 선정 데이터', '2026-06-27T00:39:33.70433+00:00', NULL, NULL);
INSERT INTO support_histories (id, company_id, year, program_name, status, selected_amount, support_amount, notes, created_at, project_name, business_number) VALUES ('3d57688f-4a7f-434b-a400-11a382e17fe4', 'df0d67f3-8f85-497e-b6b8-2913a6100843', '2023', '경기도 기술개발사업', '선정', 20000000, 19000000, '세타에너지 대상 경기도 기술개발사업 선정 데이터', '2026-06-27T00:39:34.070163+00:00', NULL, NULL);
INSERT INTO support_histories (id, company_id, year, program_name, status, selected_amount, support_amount, notes, created_at, project_name, business_number) VALUES ('bbce92e9-4aef-4189-9791-7bf9e69b411b', 'df0d67f3-8f85-497e-b6b8-2913a6100843', '2026', '경기도형 강소기업 육성지원', '제외', 90000000, 0, '세타에너지 대상 경기도형 강소기업 육성지원 선정 데이터', '2026-06-27T00:39:34.070163+00:00', '장비 도입비 지원', NULL);
INSERT INTO support_histories (id, company_id, year, program_name, status, selected_amount, support_amount, notes, created_at, project_name, business_number) VALUES ('4e9db587-f669-497a-ad8a-435e45092da2', 'df0d67f3-8f85-497e-b6b8-2913a6100843', '2024', '스마트공장 구축 및 고도화 지원사업', '완료', 60000000, 58000000, '세타에너지 대상 스마트공장 구축 및 고도화 지원사업 선정 데이터', '2026-06-27T00:39:34.070163+00:00', NULL, NULL);
INSERT INTO support_histories (id, company_id, year, program_name, status, selected_amount, support_amount, notes, created_at, project_name, business_number) VALUES ('9dd8c723-7be8-485a-8083-6a328841bbc3', '9a088509-38b1-408d-91d4-2102643f013f', '2025', '글로벌 강소기업 육성사업', '완료', 130000000, 122000000, '이오타메디컬 대상 글로벌 강소기업 육성사업 선정 데이터', '2026-06-27T00:39:34.441382+00:00', NULL, NULL);
INSERT INTO support_histories (id, company_id, year, program_name, status, selected_amount, support_amount, notes, created_at, project_name, business_number) VALUES ('92bae689-b57d-4c58-bcd6-6c79ff8cfd57', '9a088509-38b1-408d-91d4-2102643f013f', '2023', '바이오 헬스케어 스타트업 패키징', '제외', 120000000, 0, '이오타메디컬 대상 바이오 헬스케어 스타트업 패키징 선정 데이터', '2026-06-27T00:39:34.441382+00:00', NULL, NULL);
INSERT INTO support_histories (id, company_id, year, program_name, status, selected_amount, support_amount, notes, created_at, project_name, business_number) VALUES ('dc833341-7e6f-4c44-b33e-1213252521f2', '9a088509-38b1-408d-91d4-2102643f013f', '2023', '창업보육센터 지원사업', '완료', 90000000, 83000000, '이오타메디컬 대상 창업보육센터 지원사업 선정 데이터', '2026-06-27T00:39:34.441382+00:00', NULL, NULL);
INSERT INTO support_histories (id, company_id, year, program_name, status, selected_amount, support_amount, notes, created_at, project_name, business_number) VALUES ('ad408f0c-bcd6-425f-a578-1296c90427c1', '9a088509-38b1-408d-91d4-2102643f013f', '2023', '경기도 기술개발사업', '포기', 10000000, 0, '이오타메디컬 대상 경기도 기술개발사업 선정 데이터', '2026-06-27T00:39:34.441382+00:00', NULL, NULL);
INSERT INTO support_histories (id, company_id, year, program_name, status, selected_amount, support_amount, notes, created_at, project_name, business_number) VALUES ('7189f7b8-13b7-4ba9-bf20-69a54f0e4bc7', 'b0b3993f-5cb8-436e-a5d1-afcce907a448', '2026', '글로벌 강소기업 육성사업', '선정', 10000000, 0, '카파로보틱스(주) 대상 글로벌 강소기업 육성사업 선정 데이터', '2026-06-27T00:39:34.812813+00:00', '로봇 제조 공정 지원', NULL);
INSERT INTO support_histories (id, company_id, year, program_name, status, selected_amount, support_amount, notes, created_at, project_name, business_number) VALUES ('de711d20-8d14-44f6-8684-01f3c546709f', 'b0b3993f-5cb8-436e-a5d1-afcce907a448', '2024', '수출기업 글로벌 물류비 지원사업', '완료', 50000000, 46000000, '카파로보틱스(주) 대상 수출기업 글로벌 물류비 지원사업 선정 데이터', '2026-06-27T00:39:34.812813+00:00', '해외 전시회 참가 물류비 지원', NULL);
INSERT INTO support_histories (id, company_id, year, program_name, status, selected_amount, support_amount, notes, created_at, project_name, business_number) VALUES ('b377ea22-6588-43b6-9472-821749b2c689', 'b0b3993f-5cb8-436e-a5d1-afcce907a448', '2024', '경기도형 강소기업 육성지원', '완료', 70000000, 64000000, '카파로보틱스(주) 대상 경기도형 강소기업 육성지원 선정 데이터', '2026-06-27T00:39:34.812813+00:00', '공정 개선 지원', NULL);
INSERT INTO support_histories (id, company_id, year, program_name, status, selected_amount, support_amount, notes, created_at, project_name, business_number) VALUES ('5f953135-ae78-4982-ae1b-d7d8d0235858', '55db7f70-c192-4784-8715-61731a733633', '2024', '경기도 스마트공장 구축지원', '선정', 50000000, 45000000, NULL, '2026-07-01T06:55:05.667428+00:00', '공정 자동화 라인 구축', '6666666666');
INSERT INTO support_histories (id, company_id, year, program_name, status, selected_amount, support_amount, notes, created_at, project_name, business_number) VALUES ('9fbd20e8-5c85-4ae3-8607-839a62846a33', '55db7f70-c192-4784-8715-61731a733633', '2023', '중소기업 기술개발 지원', '완료', 30000000, 30000000, '정상 완료', '2026-07-01T06:55:06.129067+00:00', '자동화 설비 고도화', '6666666666');
INSERT INTO support_histories (id, company_id, year, program_name, status, selected_amount, support_amount, notes, created_at, project_name, business_number) VALUES ('74e623a7-afe6-4df6-92a3-91fcb93e5318', '55db7f70-c192-4784-8715-61731a733633', '2022', '경기도 일자리 창출 지원', '포기', 15000000, 0, '사업 포기 처리', '2026-07-01T06:55:06.88147+00:00', '인력 채용 지원', '6666666666');
INSERT INTO support_histories (id, company_id, year, program_name, status, selected_amount, support_amount, notes, created_at, project_name, business_number) VALUES ('729a5dee-64a4-4de2-ab87-3d7c5b5c383b', '55db7f70-c192-4784-8715-61731a733633', '2024', '청년 창업 지원사업', '제외', 0, 0, '타기관 중복으로 제외', '2026-07-01T06:55:07.372151+00:00', '스마트팩토리 고도화', '6666666666');
INSERT INTO support_histories (id, company_id, year, program_name, status, selected_amount, support_amount, notes, created_at, project_name, business_number) VALUES ('87a0be94-a7c3-41d7-8523-8030cc776539', '5c654b7d-175d-44f4-8335-0a87762284dd', '2024', '경기도 수출기업화 지원', '선정', 20000000, 18000000, NULL, '2026-07-01T06:55:08.190777+00:00', '해외시장 개척', '7777777777');
INSERT INTO support_histories (id, company_id, year, program_name, status, selected_amount, support_amount, notes, created_at, project_name, business_number) VALUES ('6f4efa70-8bbf-4505-885e-48a8d33830ff', '5c654b7d-175d-44f4-8335-0a87762284dd', '2023', '중소기업 R&D 기술개발 지원', '완료', 30000000, 30000000, '정상 완료', '2026-07-01T06:55:08.60109+00:00', '고내열 합금소재 개발', '7777777777');
INSERT INTO support_histories (id, company_id, year, program_name, status, selected_amount, support_amount, notes, created_at, project_name, business_number) VALUES ('e2f88149-cd9a-4579-88aa-7b2c41c8f4e2', '5c654b7d-175d-44f4-8335-0a87762284dd', '2022', '경기도 글로벌 강소기업 육성', '포기', 25000000, 0, '포기', '2026-07-01T06:55:09.330478+00:00', '브랜드 경쟁력 강화', '7777777777');
INSERT INTO support_histories (id, company_id, year, program_name, status, selected_amount, support_amount, notes, created_at, project_name, business_number) VALUES ('439d45dd-9b3d-4aee-81db-4622bd0ebbb3', '5c654b7d-175d-44f4-8335-0a87762284dd', '2024', '스마트공장 고도화 지원', '제외', 0, 0, '사전검토 미통과', '2026-07-01T06:55:09.828502+00:00', '품질관리 시스템 구축', '7777777777');
INSERT INTO support_histories (id, company_id, year, program_name, status, selected_amount, support_amount, notes, created_at, project_name, business_number) VALUES ('86cd154e-500f-4f69-b3d4-173a3d70082e', 'faf7f94b-a100-46b1-9347-d4fbfd524337', '2024', '경기도 신재생에너지 보급지원', '선정', 40000000, 36000000, NULL, '2026-07-01T06:55:10.553574+00:00', '태양광설치 사업화', '8888888888');
INSERT INTO support_histories (id, company_id, year, program_name, status, selected_amount, support_amount, notes, created_at, project_name, business_number) VALUES ('534ab03c-d5b8-4c35-a817-3dcd5722bbe1', 'faf7f94b-a100-46b1-9347-d4fbfd524337', '2023', '친환경 기술개발 지원', '완료', 25000000, 25000000, '정상 완료', '2026-07-01T06:55:10.946427+00:00', '생분해성 필름 개발', '8888888888');
INSERT INTO support_histories (id, company_id, year, program_name, status, selected_amount, support_amount, notes, created_at, project_name, business_number) VALUES ('fca4ed14-3018-4d1f-ae6d-4d4be31b99af', 'faf7f94b-a100-46b1-9347-d4fbfd524337', '2024', '경기도 경영안정 지원', '포기', 15000000, 0, '자금 사정으로 포기', '2026-07-01T06:55:11.350697+00:00', '운영자금 지원', '8888888888');
INSERT INTO support_histories (id, company_id, year, program_name, status, selected_amount, support_amount, notes, created_at, project_name, business_number) VALUES ('63d75846-c6d3-4ca3-b969-4832febec008', 'faf7f94b-a100-46b1-9347-d4fbfd524337', '2022', '초기창업패키지', '제외', 0, 0, '요건 미충족', '2026-07-01T06:55:11.761199+00:00', '사업화 자금', '8888888888');
INSERT INTO support_histories (id, company_id, year, program_name, status, selected_amount, support_amount, notes, created_at, project_name, business_number) VALUES ('8d972754-5538-4ba4-b8d5-0001aed6146b', 'a0a89275-7043-4feb-b23a-904cbe212180', '2024', '경기도 로봇산업 육성지원', '선정', 60000000, 54000000, NULL, '2026-07-01T06:55:12.153041+00:00', '협동로봇 상용화', '9999999999');
INSERT INTO support_histories (id, company_id, year, program_name, status, selected_amount, support_amount, notes, created_at, project_name, business_number) VALUES ('5bd76a3c-19e9-4946-987e-4a29ccf93d5f', 'a0a89275-7043-4feb-b23a-904cbe212180', '2023', '중소기업 제조혁신 지원', '완료', 35000000, 35000000, '정상 완료', '2026-07-01T06:55:12.559525+00:00', '로봇 자동화 라인', '9999999999');
INSERT INTO support_histories (id, company_id, year, program_name, status, selected_amount, support_amount, notes, created_at, project_name, business_number) VALUES ('a2939f32-cd5f-4873-944f-52f72cee5a78', 'a0a89275-7043-4feb-b23a-904cbe212180', '2024', '스타트업 투자연계 지원', '포기', 20000000, 0, '투자 유치 실패로 포기', '2026-07-01T06:55:12.956637+00:00', 'Series-A 투자유치', '9999999999');
INSERT INTO support_histories (id, company_id, year, program_name, status, selected_amount, support_amount, notes, created_at, project_name, business_number) VALUES ('9562ab62-bffb-42d6-bf26-57c9176dc974', 'a0a89275-7043-4feb-b23a-904cbe212180', '2022', '청년 창업 지원사업', '제외', 0, 0, '타기관 중복 제외', '2026-07-01T06:55:13.693048+00:00', '물류 로봇 사업화', '9999999999');
INSERT INTO support_histories (id, company_id, year, program_name, status, selected_amount, support_amount, notes, created_at, project_name, business_number) VALUES ('dabfc255-0baf-4a2c-b9ab-a6708ea730e4', '0d798a61-80ac-4631-82bb-8b6940d3cffc', '2025', '해외전시회 참가기업 지원사업', '선정', 5000000, 5000000, NULL, '2026-07-01T09:35:20.324365+00:00', '', '1348689239');
INSERT INTO support_histories (id, company_id, year, program_name, status, selected_amount, support_amount, notes, created_at, project_name, business_number) VALUES ('3bdf6097-65fb-4389-9759-57575f869a99', 'fc3debc8-776b-4a46-a61c-9e7bddbf3dab', '2026', '해외전시회 참가기업 지원사업', '선정', 5000000, 0, '선정 확인 테스트', '2026-07-01T10:08:18.918969+00:00', '', '3028103955');

-- excel_uploads: 4건
INSERT INTO excel_uploads (id, file_name, file_size, file_url, sheet_name, total_rows, parsed_data, column_headers, upload_note, created_at, org_name, doc_num, sheet_title, sheet_description, send_date, request_date, program_name) VALUES ('be2c2cd1-5a32-4f45-b5f2-3d772fffde96', '2026년 판로 지원사업 선정기업 명단(260624) (1).xlsx', 16907, 'https://ibnne5i7jy6sdee7.public.blob.vercel-storage.com/request/1782753782115_fkqj7k.xlsx', '온라인플랫폼 입점 지원', 1, '[{"순번": 1, "대표자": "윤정진", "소재지": "용인", "업체명": "㈜그립인", "주요제품": "발향오브제", "지원분야": "상세페이지제작, 온라인광고비", "사업자등록번호": "4668100247"}]'::jsonb, '["순번", "업체명", "사업자등록번호", "대표자", "소재지", "주요제품", "지원분야"]'::jsonb, '2026년 온라인플랫폼 입점지원사업', '2026-06-29T17:23:03.432079+00:00', '', '', '2026년 온라인플랫폼 입점지원사업 선정기업 명단', '[2026년 온라인플랫폼 입점 지원사업 중복수혜 여부 조회]

□ 조사대상 : 2026. 6. 24. 기준 귀 기관의 지원사업을 수행 중인 기업
□ 지원내용:  온라인 쇼핑몰 입점에 소요되는 판매수수료, 온라인광고비, 할인쿠폰, 상세페이지제작 비용 지원(최대 300만원)
□ 작성방법 
   - 하기 리스트 내 포함된 기업의 귀 기관 지원사업 수혜여부 검토
   - 2026년 6월 26일(금)까지 담당자 이메일(mjkim@ypa.or.kr) 회신', NULL, NULL, NULL);
INSERT INTO excel_uploads (id, file_name, file_size, file_url, sheet_name, total_rows, parsed_data, column_headers, upload_note, created_at, org_name, doc_num, sheet_title, sheet_description, send_date, request_date, program_name) VALUES ('2722aac1-98b4-4867-a9ae-299f3a774ec4', '(붙임1) 2026년 드론산업 육성 지원사업 중복 수혜 검토 요청.xlsx', 14307, 'https://ibnne5i7jy6sdee7.public.blob.vercel-storage.com/request/1782754445953_c1mrx.xlsx', 'Sheet 1', 6, '[{"연번": 1, "주소": "(본사) 경기도 성남시 창업로 43 (판교창조경제밸리) 글로벌비즈센터 업무동 4층 1호\r\n(공장) 경기도 성남시 창업로 42 (판교창조경제밸리) 경기기업성장센터 220호", "과제명": "AAM, 공항 및 도로의 FOD 탐지 고도화, 노면 도색에 대한 탐지 데이터 구축, \r\n분석/검출을 위한 임무장비 마운트 개선을 통한 공간해상도 성능 고도화", "기업명": "㈜드로미", "대표자": "이승호", "지원분야": "기술개발 및 사업화", "사업자등록번호": "7818100694"}, {"연번": 2, "주소": "경기도 안양시 동안구 흥안대로 415, 2층 220호", "과제명": "드론 탑재용 임무장비(배터리 팩)의 국산화 실현 및 안전성 개선", "기업명": "㈜피엠에너지솔루션", "대표자": "현덕수", "지원분야": "기술개발 및 사업화", "사업자등록번호": "5118127885"}, {"연번": 3, "주소": "(본사) 경기도 군포시 군포첨단산업2로 22번길 5, 516호\r\n(공장) 경기도 평택시 서탄면 309-2", "과제명": "국방·로봇용 AFPM 모터 일체 최적화 드론 컨트롤러 원천기술 고도화", "기업명": "스타맨", "대표자": "황주원", "지원분야": "기술개발 및 사업화", "사업자등록번호": "3162900982"}, {"연번": 4, "주소": "(본사) 13503 경기도 성남시 분당구 야탑로 205번길 26, 323호", "과제명": "다중소스(국가망·사설기준국) RTK 보정정보 융합·재정합 기반 드론 초정밀 위치제어·측량 원천기술 고도화", "기업명": "㈜인프라칩", "대표자": "문병래", "지원분야": "기술개발 및 사업화", "사업자등록번호": "1348654875"}, {"연번": 5, "주소": "(본사) 경기도 구리시 갈매중앙로 190 휴밸나인 A6003, 6004\r\n(공장/기업부설연구소) 경기도 구리시 갈매중앙로 190 휴밸나인 A6003, 6004 \r\n(비행장) 서울대학교 관악캠퍼스 66동 102호", "과제명": "AI드론 활용 산림 재선충 탐지 및 정밀 3D 지도 기반 예찰 실증", "기업명": "㈜지에이", "대표자": "권준범", "지원분야": "기술개발 및 실증", "사업자등록번호": "6658802098"}, {"연번": 6, "주소": "(본사) 경기도 안양시 동안구 흥안대로 415 두산벤처다임 1023~1026호 \r\n(연구소) 경기도 성남시 분당구 황새울로360번길 19 8층", "과제명": "AI드론 활용 산림 재선충 탐지 및 정밀 3D 지도 기반 예찰 실증", "기업명": "㈜지오투정보기술", "대표자": "오정환", "지원분야": "기술개발 및 실증", "사업자등록번호": "1238195245"}]'::jsonb, '["연번", "기업명", "사업자등록번호", "주소", "대표자", "과제명", "지원분야"]'::jsonb, '2026년 드론산업 육성 지원사업', '2026-06-29T17:34:07.33867+00:00', '', '', '2026년 드론산업 육성 지원사업 중복 수혜 검토 요청', '□ 검토분야 : 기술개발(시제품제작, 소재,부품,원료 등 재료구입) 및 사업화(시험분석/인증/실증, 지식재산권 출원 등) 지원
□ 검토대상 : ''26년도 기준 담당 지원사업 수혜(지원)기업 여부 검토 요청 (''26년 지원사업에서 선정이 확정되어 지원 중인 기업 포함) 
□ 검토내용
   - 기술개발 및 사업화 추진 등에 소요되는 비용을 지원하는 사업으로 중복 수혜 여부
   - 중복조건 : 기술 및 사업화 아이템 및 지원분야의 유사성 측면에서 검토(사업화 아이템이 다를 경우 중복수혜 제외)
   - 예산기준 : 500만원 초과 지원 과제 대상
□ 기타사항
   - 단순 교육, 강좌, 대출(상환, 융자), 공간제공, 바우처 사업 형태의 사업 수혜자는 중복수혜에 해당하지 않음
□ 작성방법
   - 하기 리스트 내 포함된 기업의 지원사업 수혜여부 검토 요청 (유사성이 우려되는 과제에 대하여 작성 요망)
   - 2026년 6월 30일(화)까지 담당자 이메일(kkchoi@gtp.or.kr) 회신 요청
     ※ 기한 내 회신이 없는 경우 "해당없음"으로 간주
검토 대상기업', NULL, NULL, NULL);
INSERT INTO excel_uploads (id, file_name, file_size, file_url, sheet_name, total_rows, parsed_data, column_headers, upload_note, created_at, org_name, doc_num, sheet_title, sheet_description, send_date, request_date, program_name) VALUES ('711d9b9c-9607-4365-8a0f-acd687616181', '2026년 안산시 중소기업 노동자 기숙사 임차비 지원사업 중복지원 조회(추가)_PW2093.xlsx', 18432, 'https://ibnne5i7jy6sdee7.public.blob.vercel-storage.com/request/1782754702873_3k581.xlsx', 'Sheet1', 3, '[{"연번": 1, "주소": "안산시 단원구 신원로 328", "대표자": "문호민, 문동식", "업체명": "선호피엔에스㈜제2공장", "사업자등록번호": "888-85-00993"}, {"연번": 2, "주소": "안산시 단원구 시우로 35", "대표자": "유대선,유동근", "업체명": "㈜태가", "사업자등록번호": "133-81-23281"}, {"연번": 3, "주소": "안산시 단원구 시우로 42", "대표자": "한경수", "업체명": "㈜비씨상사", "사업자등록번호": "133-81-27540"}]'::jsonb, '["연번", "업체명", "대표자", "사업자등록번호", "주소"]'::jsonb, '', '2026-06-29T17:38:24.476267+00:00', '안산시', '', '2026년 안산시 중소기업 노동자 기숙사 임차비 지원사업 중복여부 조회', NULL, NULL, NULL, NULL);
INSERT INTO excel_uploads (id, file_name, file_size, file_url, sheet_name, total_rows, parsed_data, column_headers, upload_note, created_at, org_name, doc_num, sheet_title, sheet_description, send_date, request_date, program_name) VALUES ('b689b3a2-ff9c-4440-a97e-f29664eabee2', '★2026년 안산시 해외전시회 참가기업 지원사업 중복지원 조회 목록(추가)_PW2093.xlsx', 17408, 'https://ibnne5i7jy6sdee7.public.blob.vercel-storage.com/request/1782754782885_jai8f3.xlsx', '안산시 해외전시회', 2, '[{"업종": "제조 / 도매 및 소매업 / 서비스업", "연번": 1, "기업명": "케이디켐 주식회사", "전시기간": "9.9 ~ 9.12", "신청전시회": "2026 베트남 플라스틱 전시회", "사업자등록번호": 3028103955, "전시회 장소(국가)": "호치민(베트남)"}, {"업종": "제조업 / 도매 및 소매업", "연번": 2, "기업명": "㈜아이엔젤", "전시기간": "1.12 ~ 1.15", "신청전시회": "홍콩 베이비 프로덕트 페어 2026", "사업자등록번호": 1348689239, "전시회 장소(국가)": "완차이(홍콩)"}]'::jsonb, '["연번", "기업명", "사업자등록번호", "업종", "신청전시회", "전시회 장소(국가)", "전시기간"]'::jsonb, '', '2026-06-29T17:39:45.251022+00:00', '안산시', '', '2026년 안산시 해외전시회 참가기업 지원사업 중복수혜현황 확인', NULL, NULL, NULL, NULL);

-- search_logs: 29건
INSERT INTO search_logs (id, type, risk_level, title, org_name, doc_num, description, total_count, duplicate_count, business_number, created_at, additional_data) VALUES ('832319fd-3417-4469-84ff-a887bcc1cc9d', 'MANUAL', 'Manual Search', '1234567890', NULL, NULL, NULL, NULL, NULL, '1234567890', '2026-06-26T04:39:47.388486+00:00', '{}'::jsonb);
INSERT INTO search_logs (id, type, risk_level, title, org_name, doc_num, description, total_count, duplicate_count, business_number, created_at, additional_data) VALUES ('ff26b187-2237-41f8-8217-c370356a8cc5', 'MANUAL', 'Manual Search', '0123456789', NULL, NULL, NULL, NULL, NULL, '0123456789', '2026-06-26T07:57:52.608585+00:00', '{}'::jsonb);
INSERT INTO search_logs (id, type, risk_level, title, org_name, doc_num, description, total_count, duplicate_count, business_number, created_at, additional_data) VALUES ('0b7a449a-cdb9-463d-838d-d6438dfcde6a', 'MANUAL', 'Manual Search', '0123456789', NULL, NULL, NULL, NULL, NULL, '0123456789', '2026-06-26T07:59:02.128322+00:00', '{}'::jsonb);
INSERT INTO search_logs (id, type, risk_level, title, org_name, doc_num, description, total_count, duplicate_count, business_number, created_at, additional_data) VALUES ('45b2f129-a4f3-4709-bb6d-c6cfd34af235', 'MANUAL', 'Manual Search', '012345678', NULL, NULL, NULL, NULL, NULL, '012345678', '2026-06-26T07:59:08.637263+00:00', '{}'::jsonb);
INSERT INTO search_logs (id, type, risk_level, title, org_name, doc_num, description, total_count, duplicate_count, business_number, created_at, additional_data) VALUES ('07c80b23-ccb4-4de2-8913-f1a10a2f78d0', 'MANUAL', 'Manual Search', '012345678', NULL, NULL, NULL, NULL, NULL, '012345678', '2026-06-26T23:32:12.143232+00:00', '{}'::jsonb);
INSERT INTO search_logs (id, type, risk_level, title, org_name, doc_num, description, total_count, duplicate_count, business_number, created_at, additional_data) VALUES ('6a08fa4b-cf68-4d7c-b05e-e725b3af5eb6', 'MANUAL', 'Manual Search', '0123456789', NULL, NULL, NULL, NULL, NULL, '0123456789', '2026-06-26T23:54:09.576153+00:00', '{}'::jsonb);
INSERT INTO search_logs (id, type, risk_level, title, org_name, doc_num, description, total_count, duplicate_count, business_number, created_at, additional_data) VALUES ('041cb364-dae3-48e6-b452-47f323b8a5c0', 'MANUAL', 'Manual Search', '1234567890', NULL, NULL, NULL, NULL, NULL, '1234567890', '2026-06-27T00:51:01.912763+00:00', '{}'::jsonb);
INSERT INTO search_logs (id, type, risk_level, title, org_name, doc_num, description, total_count, duplicate_count, business_number, created_at, additional_data) VALUES ('6936efed-bb43-4766-99a0-10473c2d6ab2', 'MANUAL', 'High Risk', '카파로보틱스(주)', NULL, NULL, '{"desc":"단일 기업 중복 수혜 검증","appliedProgramName":"","appliedProjectName":"","isBulk":false}', NULL, NULL, '0123456789', '2026-06-27T13:12:55.282074+00:00', '{}'::jsonb);
INSERT INTO search_logs (id, type, risk_level, title, org_name, doc_num, description, total_count, duplicate_count, business_number, created_at, additional_data) VALUES ('2cadfc3b-088a-43d5-a558-9f268c31eb8b', 'BATCH', 'Safe', '(붙임1) 2026년 드론산업 육성 지원사업 중복 수혜 검토 요청.xlsx', '외부요청', '미지정', '{"desc":"10개사 중복 검증 요청","sourceFile":"(붙임1) 2026년 드론산업 육성 지원사업 중복 수혜 검토 요청.xlsx","isBulk":true}', 10, 0, NULL, '2026-06-29T15:54:59.964962+00:00', '{"results": []}'::jsonb);
INSERT INTO search_logs (id, type, risk_level, title, org_name, doc_num, description, total_count, duplicate_count, business_number, created_at, additional_data) VALUES ('5f838257-72e1-4dc2-9c61-328306cc50cc', 'MANUAL', 'High Risk', '이오타메디컬', NULL, NULL, '{"desc":"단일 기업 중복 수혜 검증","appliedProgramName":"","appliedProjectName":"","isBulk":false}', NULL, NULL, '901-23-45678', '2026-06-29T15:56:30.666206+00:00', '{"matchedCompany": {"id": "c-1782748590574", "location": "경기도 용인시 수지구 포은대로 512", "histories": [{"id": "9dd8c723-7be8-485a-8083-6a328841bbc3", "year": "2025", "notes": "이오타메디컬 대상 글로벌 강소기업 육성사업 선정 데이터", "status": "완료", "programName": "글로벌 강소기업 육성사업", "supportAmount": 122000000, "selectedAmount": 130000000}, {"id": "92bae689-b57d-4c58-bcd6-6c79ff8cfd57", "year": "2023", "notes": "이오타메디컬 대상 바이오 헬스케어 스타트업 패키징 선정 데이터", "status": "제외", "programName": "바이오 헬스케어 스타트업 패키징", "supportAmount": 0, "selectedAmount": 120000000}, {"id": "ad408f0c-bcd6-425f-a578-1296c90427c1", "year": "2023", "notes": "이오타메디컬 대상 경기도 기술개발사업 선정 데이터", "status": "포기", "programName": "경기도 기술개발사업", "supportAmount": 0, "selectedAmount": 10000000}, {"id": "dc833341-7e6f-4c44-b33e-1213252521f2", "year": "2023", "notes": "이오타메디컬 대상 창업보육센터 지원사업 선정 데이터", "status": "완료", "programName": "창업보육센터 지원사업", "supportAmount": 83000000, "selectedAmount": 90000000}], "dbLocation": "경기도 용인시 수지구 포은대로 512", "matchScore": 100, "systemNote": "✅ [확인 필요] 사업자등록번호가 정확히 일치하는 기업이 데이터베이스에 존재합니다. 등록된 기업이나, 최근 완료/선정인 과거 이력 중 신청 사업 분야(미지정)와 중복되는 유사 키워드는 검출되지 않았습니다.", "companyName": "이오타메디컬", "matchStatus": "EXACT", "mainProducts": "의료 데이터 분석", "supportField": "바이오/의료", "dbCompanyName": "이오타메디컬", "businessNumber": "901-23-45678", "dbMainProducts": "의료 데이터 분석", "dbSupportField": "바이오/의료", "duplicateReason": "", "dbBusinessNumber": "9012345678", "appliedProgramName": "", "appliedProjectName": "", "isDuplicateSuspect": false, "overlappingKeywords": []}}'::jsonb);
INSERT INTO search_logs (id, type, risk_level, title, org_name, doc_num, description, total_count, duplicate_count, business_number, created_at, additional_data) VALUES ('1824a127-0101-4cff-8954-5acc3e300965', 'MANUAL', 'High Risk', '이오타메디컬', NULL, NULL, '{"desc":"단일 기업 중복 수혜 검증","appliedProgramName":"","appliedProjectName":"","isBulk":false}', NULL, NULL, '901-23-45678', '2026-06-29T15:56:35.356546+00:00', '{"matchedCompany": {"id": "c-1782748595266", "location": "경기도 용인시 수지구 포은대로 512", "histories": [{"id": "9dd8c723-7be8-485a-8083-6a328841bbc3", "year": "2025", "notes": "이오타메디컬 대상 글로벌 강소기업 육성사업 선정 데이터", "status": "완료", "programName": "글로벌 강소기업 육성사업", "supportAmount": 122000000, "selectedAmount": 130000000}, {"id": "92bae689-b57d-4c58-bcd6-6c79ff8cfd57", "year": "2023", "notes": "이오타메디컬 대상 바이오 헬스케어 스타트업 패키징 선정 데이터", "status": "제외", "programName": "바이오 헬스케어 스타트업 패키징", "supportAmount": 0, "selectedAmount": 120000000}, {"id": "ad408f0c-bcd6-425f-a578-1296c90427c1", "year": "2023", "notes": "이오타메디컬 대상 경기도 기술개발사업 선정 데이터", "status": "포기", "programName": "경기도 기술개발사업", "supportAmount": 0, "selectedAmount": 10000000}, {"id": "dc833341-7e6f-4c44-b33e-1213252521f2", "year": "2023", "notes": "이오타메디컬 대상 창업보육센터 지원사업 선정 데이터", "status": "완료", "programName": "창업보육센터 지원사업", "supportAmount": 83000000, "selectedAmount": 90000000}], "dbLocation": "경기도 용인시 수지구 포은대로 512", "matchScore": 100, "systemNote": "✅ [확인 필요] 사업자등록번호가 정확히 일치하는 기업이 데이터베이스에 존재합니다. 등록된 기업이나, 최근 완료/선정인 과거 이력 중 신청 사업 분야(미지정)와 중복되는 유사 키워드는 검출되지 않았습니다.", "companyName": "이오타메디컬", "matchStatus": "EXACT", "mainProducts": "의료 데이터 분석", "supportField": "바이오/의료", "dbCompanyName": "이오타메디컬", "businessNumber": "901-23-45678", "dbMainProducts": "의료 데이터 분석", "dbSupportField": "바이오/의료", "duplicateReason": "", "dbBusinessNumber": "9012345678", "appliedProgramName": "", "appliedProjectName": "", "isDuplicateSuspect": false, "overlappingKeywords": []}}'::jsonb);
INSERT INTO search_logs (id, type, risk_level, title, org_name, doc_num, description, total_count, duplicate_count, business_number, created_at, additional_data) VALUES ('5a92b41f-bead-4634-ad3e-61524bb573db', 'MANUAL', 'High Risk', '이오타메디컬', NULL, NULL, '{"desc":"단일 기업 중복 수혜 검증","appliedProgramName":"","appliedProjectName":"","isBulk":false}', NULL, NULL, '901-23-45678', '2026-06-29T15:56:35.71647+00:00', '{"matchedCompany": {"id": "c-1782748595622", "location": "경기도 용인시 수지구 포은대로 512", "histories": [{"id": "9dd8c723-7be8-485a-8083-6a328841bbc3", "year": "2025", "notes": "이오타메디컬 대상 글로벌 강소기업 육성사업 선정 데이터", "status": "완료", "programName": "글로벌 강소기업 육성사업", "supportAmount": 122000000, "selectedAmount": 130000000}, {"id": "92bae689-b57d-4c58-bcd6-6c79ff8cfd57", "year": "2023", "notes": "이오타메디컬 대상 바이오 헬스케어 스타트업 패키징 선정 데이터", "status": "제외", "programName": "바이오 헬스케어 스타트업 패키징", "supportAmount": 0, "selectedAmount": 120000000}, {"id": "ad408f0c-bcd6-425f-a578-1296c90427c1", "year": "2023", "notes": "이오타메디컬 대상 경기도 기술개발사업 선정 데이터", "status": "포기", "programName": "경기도 기술개발사업", "supportAmount": 0, "selectedAmount": 10000000}, {"id": "dc833341-7e6f-4c44-b33e-1213252521f2", "year": "2023", "notes": "이오타메디컬 대상 창업보육센터 지원사업 선정 데이터", "status": "완료", "programName": "창업보육센터 지원사업", "supportAmount": 83000000, "selectedAmount": 90000000}], "dbLocation": "경기도 용인시 수지구 포은대로 512", "matchScore": 100, "systemNote": "✅ [확인 필요] 사업자등록번호가 정확히 일치하는 기업이 데이터베이스에 존재합니다. 등록된 기업이나, 최근 완료/선정인 과거 이력 중 신청 사업 분야(미지정)와 중복되는 유사 키워드는 검출되지 않았습니다.", "companyName": "이오타메디컬", "matchStatus": "EXACT", "mainProducts": "의료 데이터 분석", "supportField": "바이오/의료", "dbCompanyName": "이오타메디컬", "businessNumber": "901-23-45678", "dbMainProducts": "의료 데이터 분석", "dbSupportField": "바이오/의료", "duplicateReason": "", "dbBusinessNumber": "9012345678", "appliedProgramName": "", "appliedProjectName": "", "isDuplicateSuspect": false, "overlappingKeywords": []}}'::jsonb);
INSERT INTO search_logs (id, type, risk_level, title, org_name, doc_num, description, total_count, duplicate_count, business_number, created_at, additional_data) VALUES ('d0feca30-93e3-44fe-a33f-56c447819cdb', 'MANUAL', 'High Risk', '이오타메디컬', NULL, NULL, '{"desc":"단일 기업 중복 수혜 검증","appliedProgramName":"","appliedProjectName":"","isBulk":false}', NULL, NULL, '901-23-45678', '2026-06-29T15:56:35.922871+00:00', '{"matchedCompany": {"id": "c-1782748595832", "location": "경기도 용인시 수지구 포은대로 512", "histories": [{"id": "9dd8c723-7be8-485a-8083-6a328841bbc3", "year": "2025", "notes": "이오타메디컬 대상 글로벌 강소기업 육성사업 선정 데이터", "status": "완료", "programName": "글로벌 강소기업 육성사업", "supportAmount": 122000000, "selectedAmount": 130000000}, {"id": "92bae689-b57d-4c58-bcd6-6c79ff8cfd57", "year": "2023", "notes": "이오타메디컬 대상 바이오 헬스케어 스타트업 패키징 선정 데이터", "status": "제외", "programName": "바이오 헬스케어 스타트업 패키징", "supportAmount": 0, "selectedAmount": 120000000}, {"id": "ad408f0c-bcd6-425f-a578-1296c90427c1", "year": "2023", "notes": "이오타메디컬 대상 경기도 기술개발사업 선정 데이터", "status": "포기", "programName": "경기도 기술개발사업", "supportAmount": 0, "selectedAmount": 10000000}, {"id": "dc833341-7e6f-4c44-b33e-1213252521f2", "year": "2023", "notes": "이오타메디컬 대상 창업보육센터 지원사업 선정 데이터", "status": "완료", "programName": "창업보육센터 지원사업", "supportAmount": 83000000, "selectedAmount": 90000000}], "dbLocation": "경기도 용인시 수지구 포은대로 512", "matchScore": 100, "systemNote": "✅ [확인 필요] 사업자등록번호가 정확히 일치하는 기업이 데이터베이스에 존재합니다. 등록된 기업이나, 최근 완료/선정인 과거 이력 중 신청 사업 분야(미지정)와 중복되는 유사 키워드는 검출되지 않았습니다.", "companyName": "이오타메디컬", "matchStatus": "EXACT", "mainProducts": "의료 데이터 분석", "supportField": "바이오/의료", "dbCompanyName": "이오타메디컬", "businessNumber": "901-23-45678", "dbMainProducts": "의료 데이터 분석", "dbSupportField": "바이오/의료", "duplicateReason": "", "dbBusinessNumber": "9012345678", "appliedProgramName": "", "appliedProjectName": "", "isDuplicateSuspect": false, "overlappingKeywords": []}}'::jsonb);
INSERT INTO search_logs (id, type, risk_level, title, org_name, doc_num, description, total_count, duplicate_count, business_number, created_at, additional_data) VALUES ('cda1eadb-22f4-488d-9d11-986ee49b220d', 'MANUAL', 'High Risk', '이오타메디컬', NULL, NULL, '{"desc":"단일 기업 중복 수혜 검증","appliedProgramName":"","appliedProjectName":"","isBulk":false}', NULL, NULL, '901-23-45678', '2026-06-29T15:56:36.132632+00:00', '{"matchedCompany": {"id": "c-1782748596035", "location": "경기도 용인시 수지구 포은대로 512", "histories": [{"id": "9dd8c723-7be8-485a-8083-6a328841bbc3", "year": "2025", "notes": "이오타메디컬 대상 글로벌 강소기업 육성사업 선정 데이터", "status": "완료", "programName": "글로벌 강소기업 육성사업", "supportAmount": 122000000, "selectedAmount": 130000000}, {"id": "92bae689-b57d-4c58-bcd6-6c79ff8cfd57", "year": "2023", "notes": "이오타메디컬 대상 바이오 헬스케어 스타트업 패키징 선정 데이터", "status": "제외", "programName": "바이오 헬스케어 스타트업 패키징", "supportAmount": 0, "selectedAmount": 120000000}, {"id": "ad408f0c-bcd6-425f-a578-1296c90427c1", "year": "2023", "notes": "이오타메디컬 대상 경기도 기술개발사업 선정 데이터", "status": "포기", "programName": "경기도 기술개발사업", "supportAmount": 0, "selectedAmount": 10000000}, {"id": "dc833341-7e6f-4c44-b33e-1213252521f2", "year": "2023", "notes": "이오타메디컬 대상 창업보육센터 지원사업 선정 데이터", "status": "완료", "programName": "창업보육센터 지원사업", "supportAmount": 83000000, "selectedAmount": 90000000}], "dbLocation": "경기도 용인시 수지구 포은대로 512", "matchScore": 100, "systemNote": "✅ [확인 필요] 사업자등록번호가 정확히 일치하는 기업이 데이터베이스에 존재합니다. 등록된 기업이나, 최근 완료/선정인 과거 이력 중 신청 사업 분야(미지정)와 중복되는 유사 키워드는 검출되지 않았습니다.", "companyName": "이오타메디컬", "matchStatus": "EXACT", "mainProducts": "의료 데이터 분석", "supportField": "바이오/의료", "dbCompanyName": "이오타메디컬", "businessNumber": "901-23-45678", "dbMainProducts": "의료 데이터 분석", "dbSupportField": "바이오/의료", "duplicateReason": "", "dbBusinessNumber": "9012345678", "appliedProgramName": "", "appliedProjectName": "", "isDuplicateSuspect": false, "overlappingKeywords": []}}'::jsonb);
INSERT INTO search_logs (id, type, risk_level, title, org_name, doc_num, description, total_count, duplicate_count, business_number, created_at, additional_data) VALUES ('4702bd58-b55f-49d3-b900-3845da89fee0', 'MANUAL', 'High Risk', '이오타메디컬', NULL, NULL, '{"desc":"단일 기업 중복 수혜 검증","appliedProgramName":"","appliedProjectName":"","isBulk":false}', NULL, NULL, '901-23-45678', '2026-06-29T15:56:36.356069+00:00', '{"matchedCompany": {"id": "c-1782748596266", "location": "경기도 용인시 수지구 포은대로 512", "histories": [{"id": "9dd8c723-7be8-485a-8083-6a328841bbc3", "year": "2025", "notes": "이오타메디컬 대상 글로벌 강소기업 육성사업 선정 데이터", "status": "완료", "programName": "글로벌 강소기업 육성사업", "supportAmount": 122000000, "selectedAmount": 130000000}, {"id": "92bae689-b57d-4c58-bcd6-6c79ff8cfd57", "year": "2023", "notes": "이오타메디컬 대상 바이오 헬스케어 스타트업 패키징 선정 데이터", "status": "제외", "programName": "바이오 헬스케어 스타트업 패키징", "supportAmount": 0, "selectedAmount": 120000000}, {"id": "ad408f0c-bcd6-425f-a578-1296c90427c1", "year": "2023", "notes": "이오타메디컬 대상 경기도 기술개발사업 선정 데이터", "status": "포기", "programName": "경기도 기술개발사업", "supportAmount": 0, "selectedAmount": 10000000}, {"id": "dc833341-7e6f-4c44-b33e-1213252521f2", "year": "2023", "notes": "이오타메디컬 대상 창업보육센터 지원사업 선정 데이터", "status": "완료", "programName": "창업보육센터 지원사업", "supportAmount": 83000000, "selectedAmount": 90000000}], "dbLocation": "경기도 용인시 수지구 포은대로 512", "matchScore": 100, "systemNote": "✅ [확인 필요] 사업자등록번호가 정확히 일치하는 기업이 데이터베이스에 존재합니다. 등록된 기업이나, 최근 완료/선정인 과거 이력 중 신청 사업 분야(미지정)와 중복되는 유사 키워드는 검출되지 않았습니다.", "companyName": "이오타메디컬", "matchStatus": "EXACT", "mainProducts": "의료 데이터 분석", "supportField": "바이오/의료", "dbCompanyName": "이오타메디컬", "businessNumber": "901-23-45678", "dbMainProducts": "의료 데이터 분석", "dbSupportField": "바이오/의료", "duplicateReason": "", "dbBusinessNumber": "9012345678", "appliedProgramName": "", "appliedProjectName": "", "isDuplicateSuspect": false, "overlappingKeywords": []}}'::jsonb);
INSERT INTO search_logs (id, type, risk_level, title, org_name, doc_num, description, total_count, duplicate_count, business_number, created_at, additional_data) VALUES ('7ec30d82-d50a-4e68-a0bb-9d8ead15f25a', 'MANUAL', 'High Risk', '세타에너지', NULL, NULL, '{"desc":"단일 기업 중복 수혜 검증","appliedProgramName":"","appliedProjectName":"","isBulk":false}', NULL, NULL, '890-12-34567', '2026-06-29T16:03:37.614565+00:00', '{"matchedCompany": {"id": "c-1782749017516", "location": "경기도 성남시 분당구 대왕판교로 645", "histories": [{"id": "bbce92e9-4aef-4189-9791-7bf9e69b411b", "year": "2026", "notes": "세타에너지 대상 경기도형 강소기업 육성지원 선정 데이터", "status": "제외", "programName": "경기도형 강소기업 육성지원", "supportAmount": 0, "selectedAmount": 90000000}, {"id": "4e9db587-f669-497a-ad8a-435e45092da2", "year": "2024", "notes": "세타에너지 대상 스마트공장 구축 및 고도화 지원사업 선정 데이터", "status": "완료", "programName": "스마트공장 구축 및 고도화 지원사업", "supportAmount": 58000000, "selectedAmount": 60000000}, {"id": "3d57688f-4a7f-434b-a400-11a382e17fe4", "year": "2023", "notes": "세타에너지 대상 경기도 기술개발사업 선정 데이터", "status": "선정", "programName": "경기도 기술개발사업", "supportAmount": 19000000, "selectedAmount": 20000000}], "dbLocation": "경기도 성남시 분당구 대왕판교로 645", "matchScore": 100, "systemNote": "✅ [확인 필요] 사업자등록번호가 정확히 일치하는 기업이 데이터베이스에 존재합니다. 등록된 기업이나, 최근 완료/선정인 과거 이력 중 신청 사업 분야(미지정)와 중복되는 유사 키워드는 검출되지 않았습니다.", "companyName": "세타에너지", "matchStatus": "EXACT", "mainProducts": "재생 에너지 설비", "supportField": "제조/생산", "dbCompanyName": "세타에너지", "businessNumber": "890-12-34567", "dbMainProducts": "재생 에너지 설비", "dbSupportField": "제조/생산", "duplicateReason": "", "dbBusinessNumber": "8901234567", "appliedProgramName": "", "appliedProjectName": "", "isDuplicateSuspect": false, "overlappingKeywords": []}}'::jsonb);
INSERT INTO search_logs (id, type, risk_level, title, org_name, doc_num, description, total_count, duplicate_count, business_number, created_at, additional_data) VALUES ('3d8ceb87-20c1-4ee3-a886-2eae2de8eb92', 'BATCH', 'Safe', '붙임1. (작성양식)2026년도 경기도시장상권진흥원 경기도 소공인 박람회 중복수혜 및 참여제한 검토.xlsx', '외부요청', '미지정', '{"desc":"106개사 중복 검증 요청","sourceFile":"붙임1. (작성양식)2026년도 경기도시장상권진흥원 경기도 소공인 박람회 중복수혜 및 참여제한 검토.xlsx","isBulk":true}', 106, 0, NULL, '2026-06-29T16:06:12.706658+00:00', '{"results": []}'::jsonb);
INSERT INTO search_logs (id, type, risk_level, title, org_name, doc_num, description, total_count, duplicate_count, business_number, created_at, additional_data) VALUES ('9d1138e3-5db4-41d8-be5f-5273a6f127b3', 'BATCH', 'Safe', '2026년 판로 지원사업 선정기업 명단(260624) (1).xlsx', '외부요청', '미지정', '{"desc":"3개사 중복 검증 요청","sourceFile":"2026년 판로 지원사업 선정기업 명단(260624) (1).xlsx","isBulk":true}', 3, 0, NULL, '2026-06-29T16:11:17.346219+00:00', '{"results": []}'::jsonb);
INSERT INTO search_logs (id, type, risk_level, title, org_name, doc_num, description, total_count, duplicate_count, business_number, created_at, additional_data) VALUES ('f769a06d-52bc-47dd-988f-141baed1c154', 'BATCH', 'Safe', '2026년 판로 지원사업 선정기업 명단(260624) (1).xlsx', '외부요청', '미지정', '{"desc":"3개사 중복 검증 요청","sourceFile":"2026년 판로 지원사업 선정기업 명단(260624) (1).xlsx","isBulk":true}', 3, 0, NULL, '2026-06-29T16:14:23.918376+00:00', '{"results": []}'::jsonb);
INSERT INTO search_logs (id, type, risk_level, title, org_name, doc_num, description, total_count, duplicate_count, business_number, created_at, additional_data) VALUES ('d940b3c3-262b-447b-9510-ebf785bd9f7f', 'BATCH', 'Safe', '(붙임1) 2026년 드론산업 육성 지원사업 중복 수혜 검토 요청.xlsx', '외부요청', '미지정', '{"desc":"10개사 중복 검증 요청","sourceFile":"(붙임1) 2026년 드론산업 육성 지원사업 중복 수혜 검토 요청.xlsx","isBulk":true}', 10, 0, NULL, '2026-06-29T16:18:43.528693+00:00', '{"results": []}'::jsonb);
INSERT INTO search_logs (id, type, risk_level, title, org_name, doc_num, description, total_count, duplicate_count, business_number, created_at, additional_data) VALUES ('c29e3063-05d8-427f-893e-e6e2c99f1405', 'BATCH', 'Safe', '2026년 판로 지원사업 선정기업 명단(260624) (1).xlsx', '외부요청', '미지정', '{"desc":"2026년 온라인플랫폼 입점 지원사업","sourceFile":"2026년 판로 지원사업 선정기업 명단(260624) (1).xlsx","isBulk":true}', 3, 0, NULL, '2026-06-29T16:30:17.013224+00:00', '{"results": []}'::jsonb);
INSERT INTO search_logs (id, type, risk_level, title, org_name, doc_num, description, total_count, duplicate_count, business_number, created_at, additional_data) VALUES ('17dbb475-453c-42b8-8769-4cc5e4e15e16', 'BATCH', 'Safe', '2026년 판로 지원사업 선정기업 명단(260624) (1).xlsx', '외부요청', '미지정', '{"desc":"1개사 중복 검증 요청","sourceFile":"2026년 판로 지원사업 선정기업 명단(260624) (1).xlsx","isBulk":true}', 1, 0, NULL, '2026-06-29T17:17:42.254+00:00', '{"results": [{"id": "upload-1782753459494-0", "location": "용인", "histories": [], "matchScore": 0, "systemNote": "일치하거나 유사한 사업자등록번호가 내부 DB에 존재하지 않는 신규 요청 건입니다. 중복 검증이 필요 없는 안전한 신청사입니다.", "companyName": "㈜그립인", "matchStatus": "NEW", "mainProducts": "", "supportField": "상세페이지제작, 온라인광고비", "businessNumber": "4668100247", "appliedProgramName": "", "appliedProjectName": "", "isDuplicateSuspect": false}]}'::jsonb);
INSERT INTO search_logs (id, type, risk_level, title, org_name, doc_num, description, total_count, duplicate_count, business_number, created_at, additional_data) VALUES ('046863b2-e83f-4ac4-9959-4e51ade5b3a2', 'BATCH', 'Safe', '2026년 판로 지원사업 선정기업 명단(260624) (1).xlsx', '외부요청', '미지정', '{"desc":"1개사 중복 검증 요청","sourceFile":"2026년 판로 지원사업 선정기업 명단(260624) (1).xlsx","isBulk":true}', 1, 0, NULL, '2026-06-29T17:23:03.912801+00:00', '{"results": [{"id": "upload-1782753781000-0", "location": "용인", "histories": [], "matchScore": 0, "systemNote": "일치하거나 유사한 사업자등록번호가 내부 DB에 존재하지 않는 신규 요청 건입니다. 중복 검증이 필요 없는 안전한 신청사입니다.", "companyName": "㈜그립인", "matchStatus": "NEW", "mainProducts": "", "supportField": "상세페이지제작, 온라인광고비", "businessNumber": "4668100247", "appliedProgramName": "", "appliedProjectName": "", "isDuplicateSuspect": false}]}'::jsonb);
INSERT INTO search_logs (id, type, risk_level, title, org_name, doc_num, description, total_count, duplicate_count, business_number, created_at, additional_data) VALUES ('15f9d79d-0f54-4051-a436-d70ab29d783e', 'BATCH', 'Safe', '(붙임1) 2026년 드론산업 육성 지원사업 중복 수혜 검토 요청.xlsx', '외부요청', '미지정', '{"desc":"6개사 중복 검증 요청","sourceFile":"(붙임1) 2026년 드론산업 육성 지원사업 중복 수혜 검토 요청.xlsx","isBulk":true}', 6, 0, NULL, '2026-06-29T17:24:21.293578+00:00', '{"results": [{"id": "upload-1782753858460-0", "location": "(본사) 경기도 성남시 창업로 43 (판교창조경제밸리) 글로벌비즈센터 업무동 4층 1호\r\n(공장) 경기도 성남시 창업로 42 (판교창조경제밸리) 경기기업성장센터 220호", "histories": [], "matchScore": 0, "systemNote": "일치하거나 유사한 사업자등록번호가 내부 DB에 존재하지 않는 신규 요청 건입니다. 중복 검증이 필요 없는 안전한 신청사입니다.", "companyName": "㈜드로미", "matchStatus": "NEW", "mainProducts": "", "supportField": "기술개발 및 사업화", "businessNumber": "7818100694", "appliedProgramName": "기술닥터사업", "appliedProjectName": "AAM, 공항 및 도로의 FOD 탐지 고도화, 노면 도색에 대한 탐지 데이터 구축, \r\n분석/검출을 위한 임무장비 마운트 개선을 통한 공간해상도 성능 고도화", "isDuplicateSuspect": false}, {"id": "upload-1782753858460-1", "location": "경기도 안양시 동안구 흥안대로 415, 2층 220호", "histories": [], "matchScore": 0, "systemNote": "일치하거나 유사한 사업자등록번호가 내부 DB에 존재하지 않는 신규 요청 건입니다. 중복 검증이 필요 없는 안전한 신청사입니다.", "companyName": "㈜피엠에너지솔루션", "matchStatus": "NEW", "mainProducts": "", "supportField": "기술개발 및 사업화", "businessNumber": "5118127885", "appliedProgramName": "", "appliedProjectName": "드론 탑재용 임무장비(배터리 팩)의 국산화 실현 및 안전성 개선", "isDuplicateSuspect": false}, {"id": "upload-1782753858460-2", "location": "(본사) 경기도 군포시 군포첨단산업2로 22번길 5, 516호\r\n(공장) 경기도 평택시 서탄면 309-2", "histories": [], "matchScore": 0, "systemNote": "일치하거나 유사한 사업자등록번호가 내부 DB에 존재하지 않는 신규 요청 건입니다. 중복 검증이 필요 없는 안전한 신청사입니다.", "companyName": "스타맨", "matchStatus": "NEW", "mainProducts": "", "supportField": "기술개발 및 사업화", "businessNumber": "3162900982", "appliedProgramName": "", "appliedProjectName": "국방·로봇용 AFPM 모터 일체 최적화 드론 컨트롤러 원천기술 고도화", "isDuplicateSuspect": false}, {"id": "upload-1782753858460-3", "location": "(본사) 13503 경기도 성남시 분당구 야탑로 205번길 26, 323호", "histories": [], "matchScore": 0, "systemNote": "일치하거나 유사한 사업자등록번호가 내부 DB에 존재하지 않는 신규 요청 건입니다. 중복 검증이 필요 없는 안전한 신청사입니다.", "companyName": "㈜인프라칩", "matchStatus": "NEW", "mainProducts": "", "supportField": "기술개발 및 사업화", "businessNumber": "1348654875", "appliedProgramName": "", "appliedProjectName": "다중소스(국가망·사설기준국) RTK 보정정보 융합·재정합 기반 드론 초정밀 위치제어·측량 원천기술 고도화", "isDuplicateSuspect": false}, {"id": "upload-1782753858460-4", "location": "(본사) 경기도 구리시 갈매중앙로 190 휴밸나인 A6003, 6004\r\n(공장/기업부설연구소) 경기도 구리시 갈매중앙로 190 휴밸나인 A6003, 6004 \r\n(비행장) 서울대학교 관악캠퍼스 66동 102호", "histories": [], "matchScore": 0, "systemNote": "일치하거나 유사한 사업자등록번호가 내부 DB에 존재하지 않는 신규 요청 건입니다. 중복 검증이 필요 없는 안전한 신청사입니다.", "companyName": "㈜지에이", "matchStatus": "NEW", "mainProducts": "", "supportField": "기술개발 및 실증", "businessNumber": "6658802098", "appliedProgramName": "", "appliedProjectName": "AI드론 활용 산림 재선충 탐지 및 정밀 3D 지도 기반 예찰 실증", "isDuplicateSuspect": false}, {"id": "upload-1782753858460-5", "location": "(본사) 경기도 안양시 동안구 흥안대로 415 두산벤처다임 1023~1026호 \r\n(연구소) 경기도 성남시 분당구 황새울로360번길 19 8층", "histories": [], "matchScore": 0, "systemNote": "일치하거나 유사한 사업자등록번호가 내부 DB에 존재하지 않는 신규 요청 건입니다. 중복 검증이 필요 없는 안전한 신청사입니다.", "companyName": "㈜지오투정보기술", "matchStatus": "NEW", "mainProducts": "", "supportField": "기술개발 및 실증", "businessNumber": "1238195245", "appliedProgramName": "", "appliedProjectName": "AI드론 활용 산림 재선충 탐지 및 정밀 3D 지도 기반 예찰 실증", "isDuplicateSuspect": false}]}'::jsonb);
INSERT INTO search_logs (id, type, risk_level, title, org_name, doc_num, description, total_count, duplicate_count, business_number, created_at, additional_data) VALUES ('798bb6df-c0f5-4ac3-bf53-02111c786a30', 'BATCH', 'Safe', '(붙임1) 2026년 드론산업 육성 지원사업 중복 수혜 검토 요청.xlsx', '외부요청', '미지정', '{"desc":"6개사 중복 검증 요청","sourceFile":"(붙임1) 2026년 드론산업 육성 지원사업 중복 수혜 검토 요청.xlsx","isBulk":true}', 6, 0, NULL, '2026-06-29T17:34:07.800623+00:00', '{"results": [{"id": "upload-1782754444535-0", "location": "(본사) 경기도 성남시 창업로 43 (판교창조경제밸리) 글로벌비즈센터 업무동 4층 1호\r\n(공장) 경기도 성남시 창업로 42 (판교창조경제밸리) 경기기업성장센터 220호", "histories": [], "matchScore": 0, "systemNote": "일치하거나 유사한 사업자등록번호가 내부 DB에 존재하지 않는 신규 요청 건입니다. 중복 검증이 필요 없는 안전한 신청사입니다.", "companyName": "㈜드로미", "matchStatus": "NEW", "mainProducts": "", "supportField": "기술개발 및 사업화", "businessNumber": "7818100694", "appliedProgramName": "기술닥터사업", "appliedProjectName": "AAM, 공항 및 도로의 FOD 탐지 고도화, 노면 도색에 대한 탐지 데이터 구축, \r\n분석/검출을 위한 임무장비 마운트 개선을 통한 공간해상도 성능 고도화", "isDuplicateSuspect": false}, {"id": "upload-1782754444535-1", "location": "경기도 안양시 동안구 흥안대로 415, 2층 220호", "histories": [], "matchScore": 0, "systemNote": "일치하거나 유사한 사업자등록번호가 내부 DB에 존재하지 않는 신규 요청 건입니다. 중복 검증이 필요 없는 안전한 신청사입니다.", "companyName": "㈜피엠에너지솔루션", "matchStatus": "NEW", "mainProducts": "", "supportField": "기술개발 및 사업화", "businessNumber": "5118127885", "appliedProgramName": "", "appliedProjectName": "드론 탑재용 임무장비(배터리 팩)의 국산화 실현 및 안전성 개선", "isDuplicateSuspect": false}, {"id": "upload-1782754444535-2", "location": "(본사) 경기도 군포시 군포첨단산업2로 22번길 5, 516호\r\n(공장) 경기도 평택시 서탄면 309-2", "histories": [], "matchScore": 0, "systemNote": "일치하거나 유사한 사업자등록번호가 내부 DB에 존재하지 않는 신규 요청 건입니다. 중복 검증이 필요 없는 안전한 신청사입니다.", "companyName": "스타맨", "matchStatus": "NEW", "mainProducts": "", "supportField": "기술개발 및 사업화", "businessNumber": "3162900982", "appliedProgramName": "", "appliedProjectName": "국방·로봇용 AFPM 모터 일체 최적화 드론 컨트롤러 원천기술 고도화", "isDuplicateSuspect": false}, {"id": "upload-1782754444535-3", "location": "(본사) 13503 경기도 성남시 분당구 야탑로 205번길 26, 323호", "histories": [], "matchScore": 0, "systemNote": "일치하거나 유사한 사업자등록번호가 내부 DB에 존재하지 않는 신규 요청 건입니다. 중복 검증이 필요 없는 안전한 신청사입니다.", "companyName": "㈜인프라칩", "matchStatus": "NEW", "mainProducts": "", "supportField": "기술개발 및 사업화", "businessNumber": "1348654875", "appliedProgramName": "", "appliedProjectName": "다중소스(국가망·사설기준국) RTK 보정정보 융합·재정합 기반 드론 초정밀 위치제어·측량 원천기술 고도화", "isDuplicateSuspect": false}, {"id": "upload-1782754444535-4", "location": "(본사) 경기도 구리시 갈매중앙로 190 휴밸나인 A6003, 6004\r\n(공장/기업부설연구소) 경기도 구리시 갈매중앙로 190 휴밸나인 A6003, 6004 \r\n(비행장) 서울대학교 관악캠퍼스 66동 102호", "histories": [], "matchScore": 0, "systemNote": "일치하거나 유사한 사업자등록번호가 내부 DB에 존재하지 않는 신규 요청 건입니다. 중복 검증이 필요 없는 안전한 신청사입니다.", "companyName": "㈜지에이", "matchStatus": "NEW", "mainProducts": "", "supportField": "기술개발 및 실증", "businessNumber": "6658802098", "appliedProgramName": "", "appliedProjectName": "AI드론 활용 산림 재선충 탐지 및 정밀 3D 지도 기반 예찰 실증", "isDuplicateSuspect": false}, {"id": "upload-1782754444535-5", "location": "(본사) 경기도 안양시 동안구 흥안대로 415 두산벤처다임 1023~1026호 \r\n(연구소) 경기도 성남시 분당구 황새울로360번길 19 8층", "histories": [], "matchScore": 0, "systemNote": "일치하거나 유사한 사업자등록번호가 내부 DB에 존재하지 않는 신규 요청 건입니다. 중복 검증이 필요 없는 안전한 신청사입니다.", "companyName": "㈜지오투정보기술", "matchStatus": "NEW", "mainProducts": "", "supportField": "기술개발 및 실증", "businessNumber": "1238195245", "appliedProgramName": "", "appliedProjectName": "AI드론 활용 산림 재선충 탐지 및 정밀 3D 지도 기반 예찰 실증", "isDuplicateSuspect": false}]}'::jsonb);
INSERT INTO search_logs (id, type, risk_level, title, org_name, doc_num, description, total_count, duplicate_count, business_number, created_at, additional_data) VALUES ('505f0238-ab24-4c65-84c7-e0050f8b8294', 'BATCH', 'Safe', '2026년 안산시 중소기업 노동자 기숙사 임차비 지원사업 중복지원 조회(추가)_PW2093.xlsx', '외부요청', '미지정', '{"desc":"3개사 중복 검증 요청","sourceFile":"2026년 안산시 중소기업 노동자 기숙사 임차비 지원사업 중복지원 조회(추가)_PW2093.xlsx","isBulk":true}', 3, 0, NULL, '2026-06-29T17:38:24.954335+00:00', '{"results": [{"id": "upload-1782754701805-0", "location": "안산시 단원구 신원로 328", "histories": [], "matchScore": 0, "systemNote": "일치하거나 유사한 사업자등록번호가 내부 DB에 존재하지 않는 신규 요청 건입니다. 중복 검증이 필요 없는 안전한 신청사입니다.", "companyName": "선호피엔에스㈜제2공장", "matchStatus": "NEW", "mainProducts": "", "supportField": "", "businessNumber": "8888500993", "appliedProgramName": "", "appliedProjectName": "", "isDuplicateSuspect": false}, {"id": "upload-1782754701805-1", "location": "안산시 단원구 시우로 35", "histories": [], "matchScore": 0, "systemNote": "일치하거나 유사한 사업자등록번호가 내부 DB에 존재하지 않는 신규 요청 건입니다. 중복 검증이 필요 없는 안전한 신청사입니다.", "companyName": "㈜태가", "matchStatus": "NEW", "mainProducts": "", "supportField": "", "businessNumber": "1338123281", "appliedProgramName": "", "appliedProjectName": "", "isDuplicateSuspect": false}, {"id": "upload-1782754701805-2", "location": "안산시 단원구 시우로 42", "histories": [], "matchScore": 0, "systemNote": "일치하거나 유사한 사업자등록번호가 내부 DB에 존재하지 않는 신규 요청 건입니다. 중복 검증이 필요 없는 안전한 신청사입니다.", "companyName": "㈜비씨상사", "matchStatus": "NEW", "mainProducts": "", "supportField": "", "businessNumber": "1338127540", "appliedProgramName": "", "appliedProjectName": "", "isDuplicateSuspect": false}]}'::jsonb);
INSERT INTO search_logs (id, type, risk_level, title, org_name, doc_num, description, total_count, duplicate_count, business_number, created_at, additional_data) VALUES ('6dee79c2-ac9b-4b7d-884f-d8cf273702ad', 'BATCH', 'Safe', '★2026년 안산시 해외전시회 참가기업 지원사업 중복지원 조회 목록(추가)_PW2093.xlsx', '외부요청', '미지정', '{"desc":"3개사 중복 검증 요청","sourceFile":"★2026년 안산시 해외전시회 참가기업 지원사업 중복지원 조회 목록(추가)_PW2093.xlsx","isBulk":true}', 3, 0, NULL, '2026-06-29T17:39:45.870179+00:00', '{"results": [{"id": "upload-1782754781631-1", "location": "", "histories": [], "matchScore": 0, "systemNote": "일치하거나 유사한 사업자등록번호가 내부 DB에 존재하지 않는 신규 요청 건입니다. 중복 검증이 필요 없는 안전한 신청사입니다.", "companyName": "케이디켐 주식회사", "matchStatus": "NEW", "mainProducts": "", "supportField": "", "businessNumber": "3028103955", "appliedProgramName": "", "appliedProjectName": "", "isDuplicateSuspect": false}, {"id": "upload-1782754781631-2", "location": "", "histories": [], "matchScore": 0, "systemNote": "일치하거나 유사한 사업자등록번호가 내부 DB에 존재하지 않는 신규 요청 건입니다. 중복 검증이 필요 없는 안전한 신청사입니다.", "companyName": "㈜아이엔젤", "matchStatus": "NEW", "mainProducts": "", "supportField": "", "businessNumber": "1348689239", "appliedProgramName": "", "appliedProjectName": "", "isDuplicateSuspect": false}]}'::jsonb);
INSERT INTO search_logs (id, type, risk_level, title, org_name, doc_num, description, total_count, duplicate_count, business_number, created_at, additional_data) VALUES ('7393f070-2877-4864-8f5f-2497ef6dc409', 'MANUAL', 'Safe', '1111111111', NULL, NULL, '{"desc":"단일 기업 중복 수혜 검증","appliedProgramName":"","appliedProjectName":"","isBulk":false}', NULL, NULL, '1111111111', '2026-07-01T14:51:04.8792+00:00', '{"matchedCompany": {"id": "c-1782917464675", "location": "", "histories": [], "matchScore": 0, "systemNote": "일치하거나 유사한 사업자등록번호가 내부 DB에 존재하지 않는 신규 요청 건입니다. 중복 검증이 필요 없는 안전한 신청사입니다.", "companyName": "", "matchStatus": "NEW", "mainProducts": "", "supportField": "", "businessNumber": "1111111111", "appliedProgramName": "", "appliedProjectName": "", "isDuplicateSuspect": false}}'::jsonb);
INSERT INTO search_logs (id, type, risk_level, title, org_name, doc_num, description, total_count, duplicate_count, business_number, created_at, additional_data) VALUES ('79d1b33f-3fee-42da-9618-ddd0ff1ce7de', 'MANUAL', 'High Risk', '(주)뉴테크솔루션', NULL, NULL, '{"desc":"단일 기업 중복 수혜 검증","appliedProgramName":"","appliedProjectName":"","isBulk":false}', NULL, NULL, '6666666666', '2026-07-01T14:52:44.656386+00:00', '{"matchedCompany": {"id": "c-1782917564454", "location": "경기도 성남시 분당구 판교로 200", "histories": [{"id": "5f953135-ae78-4982-ae1b-d7d8d0235858", "brn": "6666666666", "year": "2024", "status": "선정", "programName": "경기도 스마트공장 구축지원", "projectName": "공정 자동화 라인 구축", "supportAmount": 45000000, "selectedAmount": 50000000}, {"id": "729a5dee-64a4-4de2-ab87-3d7c5b5c383b", "brn": "6666666666", "year": "2024", "notes": "타기관 중복으로 제외", "status": "제외", "programName": "청년 창업 지원사업", "projectName": "스마트팩토리 고도화", "supportAmount": 0, "selectedAmount": 0}, {"id": "9fbd20e8-5c85-4ae3-8607-839a62846a33", "brn": "6666666666", "year": "2023", "notes": "정상 완료", "status": "완료", "programName": "중소기업 기술개발 지원", "projectName": "자동화 설비 고도화", "supportAmount": 30000000, "selectedAmount": 30000000}, {"id": "74e623a7-afe6-4df6-92a3-91fcb93e5318", "brn": "6666666666", "year": "2022", "notes": "사업 포기 처리", "status": "포기", "programName": "경기도 일자리 창출 지원", "projectName": "인력 채용 지원", "supportAmount": 0, "selectedAmount": 15000000}], "dbLocation": "경기도 성남시 분당구 판교로 200", "matchScore": 100, "systemNote": "✅ [확인 필요] 사업자등록번호가 정확히 일치하는 기업이 데이터베이스에 존재합니다. 등록된 기업이나, 최근 완료/선정인 과거 이력 중 신청 사업 분야(미지정)와 중복되는 유사 키워드는 검출되지 않았습니다.", "companyName": "(주)뉴테크솔루션", "matchStatus": "EXACT", "mainProducts": "공정 자동화 시스템", "supportField": "스마트팩토리 솔루션", "dbCompanyName": "(주)뉴테크솔루션", "businessNumber": "6666666666", "dbMainProducts": "공정 자동화 시스템", "dbSupportField": "스마트팩토리 솔루션", "duplicateReason": "", "dbBusinessNumber": "6666666666", "appliedProgramName": "", "appliedProjectName": "", "isDuplicateSuspect": false, "overlappingKeywords": []}}'::jsonb);
